threshold_pctile,threshold_vol20_value,index,predictor,coef,tstat,pval,N_highvol
50,0.008751,CSI300,PhotoPes_std_lag1,8e-05,0.125,0.9008,1481
50,0.008751,CSI300,PhotoPes_std_lag2,0.000572,1.154,0.2485,1481
50,0.008751,CSI300,PhotoPes_std_lag3,-0.001151,-1.773,0.0763,1481
50,0.008751,CSI300,PhotoPes_std_lag4,-0.000636,-1.097,0.2727,1481
50,0.008751,CSI300,PhotoPes_std_lag5,0.000455,0.817,0.4141,1481
50,0.008751,CSI300,TextPes_std_lag1,-0.000472,-0.846,0.3975,1481
50,0.008751,CSI300,TextPes_std_lag2,-0.000215,-0.422,0.6732,1481
50,0.008751,CSI300,TextPes_std_lag3,-0.000366,-0.657,0.5113,1481
50,0.008751,CSI300,TextPes_std_lag4,0.000369,0.628,0.5298,1481
50,0.008751,CSI300,TextPes_std_lag5,0.000912,1.461,0.1439,1481
50,0.008751,SHCOMP,PhotoPes_std_lag1,0.000108,0.177,0.8597,1481
50,0.008751,SHCOMP,PhotoPes_std_lag2,0.000663,1.466,0.1427,1481
50,0.008751,SHCOMP,PhotoPes_std_lag3,-0.000779,-1.231,0.2184,1481
50,0.008751,SHCOMP,PhotoPes_std_lag4,-0.000777,-1.38,0.1676,1481
50,0.008751,SHCOMP,PhotoPes_std_lag5,0.000316,0.605,0.5454,1481
50,0.008751,SHCOMP,TextPes_std_lag1,-0.00057,-1.068,0.2854,1481
50,0.008751,SHCOMP,TextPes_std_lag2,-0.000241,-0.5,0.6171,1481
50,0.008751,SHCOMP,TextPes_std_lag3,-0.000458,-0.872,0.383,1481
50,0.008751,SHCOMP,TextPes_std_lag4,0.000288,0.528,0.5976,1481
50,0.008751,SHCOMP,TextPes_std_lag5,0.000792,1.31,0.1903,1481
50,0.008751,SZCOMP,PhotoPes_std_lag1,0.000557,0.754,0.4509,1481
50,0.008751,SZCOMP,PhotoPes_std_lag2,0.001156,1.921,0.0548,1481
50,0.008751,SZCOMP,PhotoPes_std_lag3,-0.001273,-1.786,0.0741,1481
50,0.008751,SZCOMP,PhotoPes_std_lag4,-0.001014,-1.499,0.1339,1481
50,0.008751,SZCOMP,PhotoPes_std_lag5,0.000786,1.235,0.217,1481
50,0.008751,SZCOMP,TextPes_std_lag1,-0.00074,-1.154,0.2485,1481
50,0.008751,SZCOMP,TextPes_std_lag2,-0.000474,-0.797,0.4253,1481
50,0.008751,SZCOMP,TextPes_std_lag3,-0.000766,-1.329,0.1839,1481
50,0.008751,SZCOMP,TextPes_std_lag4,0.000353,0.518,0.6041,1481
50,0.008751,SZCOMP,TextPes_std_lag5,0.000636,0.91,0.3627,1481
50,0.008751,ChiNext,PhotoPes_std_lag1,0.000527,0.546,0.5852,1481
50,0.008751,ChiNext,PhotoPes_std_lag2,0.001617,2.078,0.0377,1481
50,0.008751,ChiNext,PhotoPes_std_lag3,-0.002409,-2.934,0.0033,1481
50,0.008751,ChiNext,PhotoPes_std_lag4,-0.00085,-1.1,0.2712,1481
50,0.008751,ChiNext,PhotoPes_std_lag5,0.001359,1.712,0.0868,1481
50,0.008751,ChiNext,TextPes_std_lag1,-0.000551,-0.721,0.4707,1481
50,0.008751,ChiNext,TextPes_std_lag2,-0.001013,-1.438,0.1505,1481
50,0.008751,ChiNext,TextPes_std_lag3,-0.000867,-1.267,0.2053,1481
50,0.008751,ChiNext,TextPes_std_lag4,0.000553,0.669,0.5034,1481
50,0.008751,ChiNext,TextPes_std_lag5,0.000869,1.048,0.2948,1481
50,0.008751,CSI500,PhotoPes_std_lag1,0.000501,0.679,0.4971,1481
50,0.008751,CSI500,PhotoPes_std_lag2,0.001134,1.903,0.0571,1481
50,0.008751,CSI500,PhotoPes_std_lag3,-0.001214,-1.657,0.0976,1481
50,0.008751,CSI500,PhotoPes_std_lag4,-0.000948,-1.386,0.1657,1481
50,0.008751,CSI500,PhotoPes_std_lag5,0.000784,1.192,0.2332,1481
50,0.008751,CSI500,TextPes_std_lag1,-0.000791,-1.192,0.2334,1481
50,0.008751,CSI500,TextPes_std_lag2,-0.000279,-0.464,0.6429,1481
50,0.008751,CSI500,TextPes_std_lag3,-0.000708,-1.211,0.226,1481
50,0.008751,CSI500,TextPes_std_lag4,0.000194,0.292,0.7706,1481
50,0.008751,CSI500,TextPes_std_lag5,0.000418,0.588,0.5563,1481
60,0.009684,CSI300,PhotoPes_std_lag1,0.000316,0.405,0.6855,1185
60,0.009684,CSI300,PhotoPes_std_lag2,0.000475,0.801,0.4231,1185
60,0.009684,CSI300,PhotoPes_std_lag3,-0.001492,-1.922,0.0546,1185
60,0.009684,CSI300,PhotoPes_std_lag4,-0.000863,-1.241,0.2146,1185
60,0.009684,CSI300,PhotoPes_std_lag5,0.000334,0.487,0.6262,1185
60,0.009684,CSI300,TextPes_std_lag1,-0.000772,-1.139,0.2545,1185
60,0.009684,CSI300,TextPes_std_lag2,-0.000387,-0.619,0.5358,1185
60,0.009684,CSI300,TextPes_std_lag3,-0.000456,-0.662,0.508,1185
60,0.009684,CSI300,TextPes_std_lag4,0.000483,0.667,0.505,1185
60,0.009684,CSI300,TextPes_std_lag5,0.001309,1.7,0.0891,1185
60,0.009684,SHCOMP,PhotoPes_std_lag1,0.000246,0.33,0.7411,1185
60,0.009684,SHCOMP,PhotoPes_std_lag2,0.000612,1.118,0.2635,1185
60,0.009684,SHCOMP,PhotoPes_std_lag3,-0.001118,-1.456,0.1453,1185
60,0.009684,SHCOMP,PhotoPes_std_lag4,-0.00108,-1.579,0.1144,1185
60,0.009684,SHCOMP,PhotoPes_std_lag5,0.000217,0.335,0.7379,1185
60,0.009684,SHCOMP,TextPes_std_lag1,-0.000867,-1.333,0.1827,1185
60,0.009684,SHCOMP,TextPes_std_lag2,-0.000392,-0.662,0.5078,1185
60,0.009684,SHCOMP,TextPes_std_lag3,-0.000532,-0.819,0.4128,1185
60,0.009684,SHCOMP,TextPes_std_lag4,0.000421,0.621,0.5347,1185
60,0.009684,SHCOMP,TextPes_std_lag5,0.001225,1.631,0.1029,1185
60,0.009684,SZCOMP,PhotoPes_std_lag1,0.000814,0.906,0.365,1185
60,0.009684,SZCOMP,PhotoPes_std_lag2,0.000818,1.147,0.2515,1185
60,0.009684,SZCOMP,PhotoPes_std_lag3,-0.001538,-1.808,0.0706,1185
60,0.009684,SZCOMP,PhotoPes_std_lag4,-0.001444,-1.777,0.0756,1185
60,0.009684,SZCOMP,PhotoPes_std_lag5,0.000915,1.181,0.2375,1185
60,0.009684,SZCOMP,TextPes_std_lag1,-0.001127,-1.464,0.1433,1185
60,0.009684,SZCOMP,TextPes_std_lag2,-0.000528,-0.723,0.4698,1185
60,0.009684,SZCOMP,TextPes_std_lag3,-0.000686,-0.98,0.3273,1185
60,0.009684,SZCOMP,TextPes_std_lag4,0.000318,0.378,0.7057,1185
60,0.009684,SZCOMP,TextPes_std_lag5,0.000926,1.072,0.2839,1185
60,0.009684,ChiNext,PhotoPes_std_lag1,0.000815,0.686,0.4925,1185
60,0.009684,ChiNext,PhotoPes_std_lag2,0.001012,1.125,0.2605,1185
60,0.009684,ChiNext,PhotoPes_std_lag3,-0.002628,-2.724,0.0064,1185
60,0.009684,ChiNext,PhotoPes_std_lag4,-0.001191,-1.279,0.201,1185
60,0.009684,ChiNext,PhotoPes_std_lag5,0.001593,1.664,0.0962,1185
60,0.009684,ChiNext,TextPes_std_lag1,-0.001066,-1.157,0.2473,1185
60,0.009684,ChiNext,TextPes_std_lag2,-0.001114,-1.277,0.2017,1185
60,0.009684,ChiNext,TextPes_std_lag3,-0.000783,-0.947,0.3435,1185
60,0.009684,ChiNext,TextPes_std_lag4,0.000502,0.49,0.6239,1185
60,0.009684,ChiNext,TextPes_std_lag5,0.001061,1.042,0.2974,1185
60,0.009684,CSI500,PhotoPes_std_lag1,0.000642,0.72,0.4716,1185
60,0.009684,CSI500,PhotoPes_std_lag2,0.000818,1.152,0.2495,1185
60,0.009684,CSI500,PhotoPes_std_lag3,-0.001568,-1.778,0.0753,1185
60,0.009684,CSI500,PhotoPes_std_lag4,-0.001395,-1.683,0.0924,1185
60,0.009684,CSI500,PhotoPes_std_lag5,0.000902,1.119,0.2632,1185
60,0.009684,CSI500,TextPes_std_lag1,-0.001212,-1.512,0.1306,1185
60,0.009684,CSI500,TextPes_std_lag2,-0.000211,-0.288,0.7736,1185
60,0.009684,CSI500,TextPes_std_lag3,-0.000658,-0.926,0.3546,1185
60,0.009684,CSI500,TextPes_std_lag4,0.000155,0.187,0.8513,1185
60,0.009684,CSI500,TextPes_std_lag5,0.000756,0.858,0.3908,1185
70,0.011081,CSI300,PhotoPes_std_lag1,0.000336,0.338,0.7351,889
70,0.011081,CSI300,PhotoPes_std_lag2,0.000405,0.551,0.5817,889
70,0.011081,CSI300,PhotoPes_std_lag3,-0.001728,-1.746,0.0809,889
70,0.011081,CSI300,PhotoPes_std_lag4,-0.000922,-1.023,0.3061,889
70,0.011081,CSI300,PhotoPes_std_lag5,0.000794,0.89,0.3733,889
70,0.011081,CSI300,TextPes_std_lag1,-0.001079,-1.249,0.2117,889
70,0.011081,CSI300,TextPes_std_lag2,-0.00047,-0.607,0.5438,889
70,0.011081,CSI300,TextPes_std_lag3,-0.001002,-1.144,0.2526,889
70,0.011081,CSI300,TextPes_std_lag4,0.000424,0.452,0.6514,889
70,0.011081,CSI300,TextPes_std_lag5,0.001382,1.402,0.1609,889
70,0.011081,SHCOMP,PhotoPes_std_lag1,0.000183,0.192,0.8474,889
70,0.011081,SHCOMP,PhotoPes_std_lag2,0.000622,0.895,0.371,889
70,0.011081,SHCOMP,PhotoPes_std_lag3,-0.001401,-1.418,0.1562,889
70,0.011081,SHCOMP,PhotoPes_std_lag4,-0.001122,-1.257,0.2088,889
70,0.011081,SHCOMP,PhotoPes_std_lag5,0.000613,0.725,0.4684,889
70,0.011081,SHCOMP,TextPes_std_lag1,-0.001169,-1.407,0.1595,889
70,0.011081,SHCOMP,TextPes_std_lag2,-0.000467,-0.628,0.53,889
70,0.011081,SHCOMP,TextPes_std_lag3,-0.001081,-1.299,0.1939,889
70,0.011081,SHCOMP,TextPes_std_lag4,0.000386,0.436,0.6625,889
70,0.011081,SHCOMP,TextPes_std_lag5,0.001404,1.448,0.1477,889
70,0.011081,SZCOMP,PhotoPes_std_lag1,0.001017,0.896,0.3703,889
70,0.011081,SZCOMP,PhotoPes_std_lag2,0.001155,1.274,0.2027,889
70,0.011081,SZCOMP,PhotoPes_std_lag3,-0.00199,-1.832,0.067,889
70,0.011081,SZCOMP,PhotoPes_std_lag4,-0.001536,-1.456,0.1454,889
70,0.011081,SZCOMP,PhotoPes_std_lag5,0.001338,1.329,0.1839,889
70,0.011081,SZCOMP,TextPes_std_lag1,-0.001542,-1.595,0.1108,889
70,0.011081,SZCOMP,TextPes_std_lag2,-0.000618,-0.686,0.4926,889
70,0.011081,SZCOMP,TextPes_std_lag3,-0.001485,-1.695,0.09,889
70,0.011081,SZCOMP,TextPes_std_lag4,0.000407,0.374,0.7081,889
70,0.011081,SZCOMP,TextPes_std_lag5,0.000953,0.875,0.3813,889
70,0.011081,ChiNext,PhotoPes_std_lag1,0.0013,0.863,0.3881,889
70,0.011081,ChiNext,PhotoPes_std_lag2,0.001592,1.394,0.1635,889
70,0.011081,ChiNext,PhotoPes_std_lag3,-0.003166,-2.599,0.0093,889
70,0.011081,ChiNext,PhotoPes_std_lag4,-0.001489,-1.254,0.2098,889
70,0.011081,ChiNext,PhotoPes_std_lag5,0.001995,1.611,0.1072,889
70,0.011081,ChiNext,TextPes_std_lag1,-0.001844,-1.617,0.1058,889
70,0.011081,ChiNext,TextPes_std_lag2,-0.001196,-1.123,0.2613,889
70,0.011081,ChiNext,TextPes_std_lag3,-0.001736,-1.74,0.0818,889
70,0.011081,ChiNext,TextPes_std_lag4,0.000619,0.475,0.6345,889
70,0.011081,ChiNext,TextPes_std_lag5,0.001033,0.822,0.4112,889
70,0.011081,CSI500,PhotoPes_std_lag1,0.000698,0.616,0.5378,889
70,0.011081,CSI500,PhotoPes_std_lag2,0.001057,1.165,0.244,889
70,0.011081,CSI500,PhotoPes_std_lag3,-0.002066,-1.814,0.0697,889
70,0.011081,CSI500,PhotoPes_std_lag4,-0.001355,-1.251,0.2111,889
70,0.011081,CSI500,PhotoPes_std_lag5,0.001258,1.189,0.2345,889
70,0.011081,CSI500,TextPes_std_lag1,-0.001511,-1.489,0.1366,889
70,0.011081,CSI500,TextPes_std_lag2,-0.000223,-0.246,0.8059,889
70,0.011081,CSI500,TextPes_std_lag3,-0.001486,-1.673,0.0944,889
70,0.011081,CSI500,TextPes_std_lag4,0.00031,0.289,0.7723,889
70,0.011081,CSI500,TextPes_std_lag5,0.000832,0.743,0.4574,889
75,0.012314,CSI300,PhotoPes_std_lag1,0.000153,0.13,0.8966,741
75,0.012314,CSI300,PhotoPes_std_lag2,0.000214,0.249,0.8035,741
75,0.012314,CSI300,PhotoPes_std_lag3,-0.001642,-1.444,0.1488,741
75,0.012314,CSI300,PhotoPes_std_lag4,-0.001175,-1.087,0.2772,741
75,0.012314,CSI300,PhotoPes_std_lag5,0.000739,0.717,0.4732,741
75,0.012314,CSI300,TextPes_std_lag1,-0.000957,-0.936,0.3495,741
75,0.012314,CSI300,TextPes_std_lag2,-0.000493,-0.558,0.577,741
75,0.012314,CSI300,TextPes_std_lag3,-0.001472,-1.475,0.1401,741
75,0.012314,CSI300,TextPes_std_lag4,0.000434,0.404,0.6862,741
75,0.012314,CSI300,TextPes_std_lag5,0.001655,1.446,0.1483,741
75,0.012314,SHCOMP,PhotoPes_std_lag1,2.8e-05,0.025,0.98,741
75,0.012314,SHCOMP,PhotoPes_std_lag2,0.000484,0.596,0.551,741
75,0.012314,SHCOMP,PhotoPes_std_lag3,-0.001353,-1.188,0.2348,741
75,0.012314,SHCOMP,PhotoPes_std_lag4,-0.001367,-1.269,0.2045,741
75,0.012314,SHCOMP,PhotoPes_std_lag5,0.000626,0.639,0.5228,741
75,0.012314,SHCOMP,TextPes_std_lag1,-0.001005,-1.02,0.3079,741
75,0.012314,SHCOMP,TextPes_std_lag2,-0.000482,-0.565,0.572,741
75,0.012314,SHCOMP,TextPes_std_lag3,-0.001497,-1.575,0.1154,741
75,0.012314,SHCOMP,TextPes_std_lag4,0.000358,0.353,0.7239,741
75,0.012314,SHCOMP,TextPes_std_lag5,0.001599,1.414,0.1572,741
75,0.012314,SZCOMP,PhotoPes_std_lag1,0.001245,0.934,0.3505,741
75,0.012314,SZCOMP,PhotoPes_std_lag2,0.000784,0.744,0.4568,741
75,0.012314,SZCOMP,PhotoPes_std_lag3,-0.002082,-1.732,0.0832,741
75,0.012314,SZCOMP,PhotoPes_std_lag4,-0.001738,-1.381,0.1674,741
75,0.012314,SZCOMP,PhotoPes_std_lag5,0.001178,1.032,0.3023,741
75,0.012314,SZCOMP,TextPes_std_lag1,-0.001067,-0.954,0.3402,741
75,0.012314,SZCOMP,TextPes_std_lag2,-0.000654,-0.624,0.5326,741
75,0.012314,SZCOMP,TextPes_std_lag3,-0.002172,-2.211,0.0271,741
75,0.012314,SZCOMP,TextPes_std_lag4,0.000142,0.114,0.9089,741
75,0.012314,SZCOMP,TextPes_std_lag5,0.000902,0.713,0.4757,741
75,0.012314,ChiNext,PhotoPes_std_lag1,0.001562,0.885,0.3763,741
75,0.012314,ChiNext,PhotoPes_std_lag2,0.001117,0.846,0.3975,741
75,0.012314,ChiNext,PhotoPes_std_lag3,-0.00329,-2.447,0.0144,741
75,0.012314,ChiNext,PhotoPes_std_lag4,-0.001789,-1.275,0.2022,741
75,0.012314,ChiNext,PhotoPes_std_lag5,0.001644,1.169,0.2423,741
75,0.012314,ChiNext,TextPes_std_lag1,-0.00132,-1.003,0.3161,741
75,0.012314,ChiNext,TextPes_std_lag2,-0.001191,-0.964,0.3349,741
75,0.012314,ChiNext,TextPes_std_lag3,-0.002565,-2.335,0.0195,741
75,0.012314,ChiNext,TextPes_std_lag4,0.000214,0.144,0.8853,741
75,0.012314,ChiNext,TextPes_std_lag5,0.000984,0.683,0.4949,741
75,0.012314,CSI500,PhotoPes_std_lag1,0.000837,0.635,0.5256,741
75,0.012314,CSI500,PhotoPes_std_lag2,0.000771,0.723,0.4698,741
75,0.012314,CSI500,PhotoPes_std_lag3,-0.00219,-1.71,0.0872,741
75,0.012314,CSI500,PhotoPes_std_lag4,-0.0015,-1.155,0.248,741
75,0.012314,CSI500,PhotoPes_std_lag5,0.001145,0.949,0.3424,741
75,0.012314,CSI500,TextPes_std_lag1,-0.001122,-0.952,0.3411,741
75,0.012314,CSI500,TextPes_std_lag2,-0.000191,-0.181,0.8566,741
75,0.012314,CSI500,TextPes_std_lag3,-0.002129,-2.124,0.0337,741
75,0.012314,CSI500,TextPes_std_lag4,7.3e-05,0.06,0.9524,741
75,0.012314,CSI500,TextPes_std_lag5,0.000683,0.524,0.6,741
80,0.013739,CSI300,PhotoPes_std_lag1,0.000225,0.174,0.8619,593
80,0.013739,CSI300,PhotoPes_std_lag2,0.000835,0.829,0.407,593
80,0.013739,CSI300,PhotoPes_std_lag3,-0.002956,-2.338,0.0194,593
80,0.013739,CSI300,PhotoPes_std_lag4,-0.001148,-0.89,0.3736,593
80,0.013739,CSI300,PhotoPes_std_lag5,0.000877,0.763,0.4457,593
80,0.013739,CSI300,TextPes_std_lag1,-0.001905,-1.606,0.1083,593
80,0.013739,CSI300,TextPes_std_lag2,3.5e-05,0.033,0.9735,593
80,0.013739,CSI300,TextPes_std_lag3,-0.001609,-1.317,0.1879,593
80,0.013739,CSI300,TextPes_std_lag4,0.000829,0.635,0.5257,593
80,0.013739,CSI300,TextPes_std_lag5,0.001534,1.132,0.2577,593
80,0.013739,SHCOMP,PhotoPes_std_lag1,2.3e-05,0.019,0.9849,593
80,0.013739,SHCOMP,PhotoPes_std_lag2,0.001048,1.097,0.2724,593
80,0.013739,SHCOMP,PhotoPes_std_lag3,-0.00256,-1.995,0.0461,593
80,0.013739,SHCOMP,PhotoPes_std_lag4,-0.001363,-1.062,0.2881,593
80,0.013739,SHCOMP,PhotoPes_std_lag5,0.000686,0.624,0.5327,593
80,0.013739,SHCOMP,TextPes_std_lag1,-0.001681,-1.441,0.1495,593
80,0.013739,SHCOMP,TextPes_std_lag2,-5e-05,-0.049,0.9609,593
80,0.013739,SHCOMP,TextPes_std_lag3,-0.0016,-1.382,0.1669,593
80,0.013739,SHCOMP,TextPes_std_lag4,0.000708,0.571,0.5683,593
80,0.013739,SHCOMP,TextPes_std_lag5,0.001422,1.063,0.2876,593
80,0.013739,SZCOMP,PhotoPes_std_lag1,0.00098,0.655,0.5123,593
80,0.013739,SZCOMP,PhotoPes_std_lag2,0.001399,1.146,0.2517,593
80,0.013739,SZCOMP,PhotoPes_std_lag3,-0.003149,-2.233,0.0255,593
80,0.013739,SZCOMP,PhotoPes_std_lag4,-0.001689,-1.134,0.2569,593
80,0.013739,SZCOMP,PhotoPes_std_lag5,0.001237,0.957,0.3387,593
80,0.013739,SZCOMP,TextPes_std_lag1,-0.001459,-1.104,0.2698,593
80,0.013739,SZCOMP,TextPes_std_lag2,3.2e-05,0.026,0.9789,593
80,0.013739,SZCOMP,TextPes_std_lag3,-0.002762,-2.302,0.0213,593
80,0.013739,SZCOMP,TextPes_std_lag4,0.00047,0.308,0.7582,593
80,0.013739,SZCOMP,TextPes_std_lag5,0.00053,0.349,0.727,593
80,0.013739,ChiNext,PhotoPes_std_lag1,0.001427,0.709,0.4784,593
80,0.013739,ChiNext,PhotoPes_std_lag2,0.001439,0.926,0.3544,593
80,0.013739,ChiNext,PhotoPes_std_lag3,-0.004278,-2.719,0.0065,593
80,0.013739,ChiNext,PhotoPes_std_lag4,-0.001547,-0.937,0.3488,593
80,0.013739,ChiNext,PhotoPes_std_lag5,0.001554,0.96,0.337,593
80,0.013739,ChiNext,TextPes_std_lag1,-0.001896,-1.232,0.2178,593
80,0.013739,ChiNext,TextPes_std_lag2,-0.000137,-0.094,0.9248,593
80,0.013739,ChiNext,TextPes_std_lag3,-0.003344,-2.482,0.0131,593
80,0.013739,ChiNext,TextPes_std_lag4,0.000486,0.266,0.7899,593
80,0.013739,ChiNext,TextPes_std_lag5,0.000638,0.368,0.7132,593
80,0.013739,CSI500,PhotoPes_std_lag1,0.000626,0.426,0.6701,593
80,0.013739,CSI500,PhotoPes_std_lag2,0.001382,1.104,0.2694,593
80,0.013739,CSI500,PhotoPes_std_lag3,-0.003265,-2.174,0.0297,593
80,0.013739,CSI500,PhotoPes_std_lag4,-0.001411,-0.918,0.3587,593
80,0.013739,CSI500,PhotoPes_std_lag5,0.001253,0.918,0.3585,593
80,0.013739,CSI500,TextPes_std_lag1,-0.001469,-1.051,0.2935,593
80,0.013739,CSI500,TextPes_std_lag2,0.000615,0.495,0.6203,593
80,0.013739,CSI500,TextPes_std_lag3,-0.002815,-2.299,0.0215,593
80,0.013739,CSI500,TextPes_std_lag4,0.000349,0.227,0.8201,593
80,0.013739,CSI500,TextPes_std_lag5,0.000363,0.232,0.8166,593
90,0.018811,CSI300,PhotoPes_std_lag1,-0.000629,-0.323,0.7466,297
90,0.018811,CSI300,PhotoPes_std_lag2,0.001327,0.881,0.3781,297
90,0.018811,CSI300,PhotoPes_std_lag3,-0.003276,-1.616,0.106,297
90,0.018811,CSI300,PhotoPes_std_lag4,-0.001621,-0.821,0.4118,297
90,0.018811,CSI300,PhotoPes_std_lag5,0.000649,0.381,0.7032,297
90,0.018811,CSI300,TextPes_std_lag1,-0.002265,-1.222,0.2219,297
90,0.018811,CSI300,TextPes_std_lag2,-0.000401,-0.261,0.7938,297
90,0.018811,CSI300,TextPes_std_lag3,-0.001137,-0.601,0.5481,297
90,0.018811,CSI300,TextPes_std_lag4,0.000955,0.497,0.6195,297
90,0.018811,CSI300,TextPes_std_lag5,0.001246,0.644,0.5196,297
90,0.018811,SHCOMP,PhotoPes_std_lag1,-0.000609,-0.327,0.7436,297
90,0.018811,SHCOMP,PhotoPes_std_lag2,0.001457,0.989,0.3224,297
90,0.018811,SHCOMP,PhotoPes_std_lag3,-0.002696,-1.295,0.1955,297
90,0.018811,SHCOMP,PhotoPes_std_lag4,-0.001733,-0.877,0.3804,297
90,0.018811,SHCOMP,PhotoPes_std_lag5,0.000312,0.192,0.8476,297
90,0.018811,SHCOMP,TextPes_std_lag1,-0.002258,-1.212,0.2256,297
90,0.018811,SHCOMP,TextPes_std_lag2,-0.000364,-0.239,0.8112,297
90,0.018811,SHCOMP,TextPes_std_lag3,-0.001099,-0.607,0.544,297
90,0.018811,SHCOMP,TextPes_std_lag4,0.000633,0.347,0.7289,297
90,0.018811,SHCOMP,TextPes_std_lag5,0.001269,0.65,0.5157,297
90,0.018811,SZCOMP,PhotoPes_std_lag1,0.000723,0.332,0.7402,297
90,0.018811,SZCOMP,PhotoPes_std_lag2,0.001099,0.611,0.5409,297
90,0.018811,SZCOMP,PhotoPes_std_lag3,-0.003507,-1.565,0.1175,297
90,0.018811,SZCOMP,PhotoPes_std_lag4,-0.001686,-0.715,0.4744,297
90,0.018811,SZCOMP,PhotoPes_std_lag5,0.000745,0.398,0.6906,297
90,0.018811,SZCOMP,TextPes_std_lag1,-0.001356,-0.685,0.4936,297
90,0.018811,SZCOMP,TextPes_std_lag2,-0.001209,-0.706,0.4801,297
90,0.018811,SZCOMP,TextPes_std_lag3,-0.00209,-1.192,0.2332,297
90,0.018811,SZCOMP,TextPes_std_lag4,-0.000421,-0.191,0.8488,297
90,0.018811,SZCOMP,TextPes_std_lag5,0.000257,0.122,0.903,297
90,0.018811,ChiNext,PhotoPes_std_lag1,0.001693,0.565,0.5724,297
90,0.018811,ChiNext,PhotoPes_std_lag2,0.000793,0.344,0.7307,297
90,0.018811,ChiNext,PhotoPes_std_lag3,-0.005526,-2.298,0.0216,297
90,0.018811,ChiNext,PhotoPes_std_lag4,-0.000873,-0.327,0.7435,297
90,0.018811,ChiNext,PhotoPes_std_lag5,0.000956,0.379,0.7045,297
90,0.018811,ChiNext,TextPes_std_lag1,-0.001833,-0.796,0.4258,297
90,0.018811,ChiNext,TextPes_std_lag2,-0.002294,-1.088,0.2765,297
90,0.018811,ChiNext,TextPes_std_lag3,-0.002921,-1.486,0.1372,297
90,0.018811,ChiNext,TextPes_std_lag4,-0.000546,-0.203,0.8391,297
90,0.018811,ChiNext,TextPes_std_lag5,0.000327,0.134,0.8931,297
90,0.018811,CSI500,PhotoPes_std_lag1,0.000927,0.431,0.6667,297
90,0.018811,CSI500,PhotoPes_std_lag2,0.001198,0.654,0.5128,297
90,0.018811,CSI500,PhotoPes_std_lag3,-0.003588,-1.515,0.1297,297
90,0.018811,CSI500,PhotoPes_std_lag4,-0.001603,-0.654,0.5133,297
90,0.018811,CSI500,PhotoPes_std_lag5,0.000949,0.473,0.636,297
90,0.018811,CSI500,TextPes_std_lag1,-0.001296,-0.611,0.541,297
90,0.018811,CSI500,TextPes_std_lag2,-0.000663,-0.382,0.7022,297
90,0.018811,CSI500,TextPes_std_lag3,-0.002449,-1.36,0.1738,297
90,0.018811,CSI500,TextPes_std_lag4,-0.000374,-0.166,0.8679,297
90,0.018811,CSI500,TextPes_std_lag5,9.9e-05,0.045,0.9642,297
